INSERT INTO HCO (HCO_ID, HCO_Name, Address, City, State, ZipCode) VALUES
('1', 'Healthcare Org 1', '536 Main St', 'San Antonio', 'TX', '78201'),
('2', 'Healthcare Org 2', '172 Main St', 'Los Angeles', 'CA', '90001'),
('3', 'Healthcare Org 3', '546 Main St', 'San Antonio', 'TX', '78201'),
('4', 'Healthcare Org 4', '138 Main St', 'Dallas', 'TX', '75201'),
('5', 'Healthcare Org 5', '556 Main St', 'San Francisco', 'CA', '94101'),
('6', 'Healthcare Org 6', '407 Main St', 'Boston', 'MA', '02101'),
('7', 'Healthcare Org 7', '277 Main St', 'Chicago', 'IL', '60601'),
('8', 'Healthcare Org 8', '467 Main St', 'Chicago', 'IL', '60601'),
('9', 'Healthcare Org 9', '661 Main St', 'Phoenix', 'AZ', '85001'),
('10', 'Healthcare Org 10', '435 Main St', 'New York', 'NY', '10001'),
('11', 'Healthcare Org 11', '560 Main St', 'Houston', 'TX', '77001'),
('12', 'Healthcare Org 12', '907 Main St', 'Phoenix', 'AZ', '85001'),
('13', 'Healthcare Org 13', '417 Main St', 'Chicago', 'IL', '60601'),
('14', 'Healthcare Org 14', '454 Main St', 'Phoenix', 'AZ', '85001'),
('15', 'Healthcare Org 15', '981 Main St', 'Dallas', 'TX', '75201'),
('16', 'Healthcare Org 16', '584 Main St', 'Dallas', 'TX', '75201'),
('17', 'Healthcare Org 17', '738 Main St', 'San Diego', 'CA', '92101'),
('18', 'Healthcare Org 18', '887 Main St', 'San Antonio', 'TX', '78201'),
('19', 'Healthcare Org 19', '165 Main St', 'San Diego', 'CA', '92101'),
('20', 'Healthcare Org 20', '409 Main St', 'San Francisco', 'CA', '94101'),
('21', 'Healthcare Org 21', '157 Main St', 'Phoenix', 'AZ', '85001'),
('22', 'Healthcare Org 22', '416 Main St', 'Dallas', 'TX', '75201'),
('23', 'Healthcare Org 23', '389 Main St', 'San Antonio', 'TX', '78201'),
('24', 'Healthcare Org 24', '471 Main St', 'San Diego', 'CA', '92101'),
('25', 'Healthcare Org 25', '668 Main St', 'San Antonio', 'TX', '78201'),
('26', 'Healthcare Org 26', '382 Main St', 'Los Angeles', 'CA', '90001'),
('27', 'Healthcare Org 27', '532 Main St', 'San Diego', 'CA', '92101'),
('28', 'Healthcare Org 28', '901 Main St', 'San Antonio', 'TX', '78201'),
('29', 'Healthcare Org 29', '622 Main St', 'Boston', 'MA', '02101'),
('30', 'Healthcare Org 30', '517 Main St', 'Los Angeles', 'CA', '90001'),
('31', 'Healthcare Org 31', '146 Main St', 'Chicago', 'IL', '60601'),
('32', 'Healthcare Org 32', '827 Main St', 'San Francisco', 'CA', '94101'),
('33', 'Healthcare Org 33', '299 Main St', 'San Francisco', 'CA', '94101'),
('34', 'Healthcare Org 34', '689 Main St', 'San Antonio', 'TX', '78201'),
('35', 'Healthcare Org 35', '669 Main St', 'San Diego', 'CA', '92101'),
('36', 'Healthcare Org 36', '658 Main St', 'Houston', 'TX', '77001'),
('37', 'Healthcare Org 37', '129 Main St', 'San Francisco', 'CA', '94101'),
('38', 'Healthcare Org 38', '669 Main St', 'San Francisco', 'CA', '94101'),
('39', 'Healthcare Org 39', '583 Main St', 'Los Angeles', 'CA', '90001'),
('40', 'Healthcare Org 40', '935 Main St', 'Boston', 'MA', '02101'),
('41', 'Healthcare Org 41', '869 Main St', 'Chicago', 'IL', '60601'),
('42', 'Healthcare Org 42', '552 Main St', 'San Antonio', 'TX', '78201'),
('43', 'Healthcare Org 43', '688 Main St', 'San Antonio', 'TX', '78201'),
('44', 'Healthcare Org 44', '485 Main St', 'Los Angeles', 'CA', '90001'),
('45', 'Healthcare Org 45', '315 Main St', 'San Antonio', 'TX', '78201'),
('46', 'Healthcare Org 46', '924 Main St', 'Los Angeles', 'CA', '90001'),
('47', 'Healthcare Org 47', '390 Main St', 'Phoenix', 'AZ', '85001'),
('48', 'Healthcare Org 48', '892 Main St', 'Houston', 'TX', '77001'),
('49', 'Healthcare Org 49', '341 Main St', 'Houston', 'TX', '77001'),
('50', 'Healthcare Org 50', '435 Main St', 'Boston', 'MA', '02101'),
('51', 'Healthcare Org 51', '505 Main St', 'San Francisco', 'CA', '94101'),
('52', 'Healthcare Org 52', '332 Main St', 'San Antonio', 'TX', '78201'),
('53', 'Healthcare Org 53', '158 Main St', 'Los Angeles', 'CA', '90001'),
('54', 'Healthcare Org 54', '132 Main St', 'Chicago', 'IL', '60601'),
('55', 'Healthcare Org 55', '698 Main St', 'Chicago', 'IL', '60601'),
('56', 'Healthcare Org 56', '927 Main St', 'San Francisco', 'CA', '94101'),
('57', 'Healthcare Org 57', '382 Main St', 'Phoenix', 'AZ', '85001'),
('58', 'Healthcare Org 58', '567 Main St', 'Houston', 'TX', '77001'),
('59', 'Healthcare Org 59', '743 Main St', 'San Francisco', 'CA', '94101'),
('60', 'Healthcare Org 60', '276 Main St', 'San Francisco', 'CA', '94101'),
('61', 'Healthcare Org 61', '201 Main St', 'Dallas', 'TX', '75201'),
('62', 'Healthcare Org 62', '239 Main St', 'San Francisco', 'CA', '94101'),
('63', 'Healthcare Org 63', '481 Main St', 'San Diego', 'CA', '92101'),
('64', 'Healthcare Org 64', '927 Main St', 'New York', 'NY', '10001'),
('65', 'Healthcare Org 65', '440 Main St', 'Houston', 'TX', '77001'),
('66', 'Healthcare Org 66', '591 Main St', 'New York', 'NY', '10001'),
('67', 'Healthcare Org 67', '133 Main St', 'Chicago', 'IL', '60601'),
('68', 'Healthcare Org 68', '196 Main St', 'Dallas', 'TX', '75201'),
('69', 'Healthcare Org 69', '204 Main St', 'Phoenix', 'AZ', '85001'),
('70', 'Healthcare Org 70', '198 Main St', 'Boston', 'MA', '02101'),
('71', 'Healthcare Org 71', '780 Main St', 'Houston', 'TX', '77001'),
('72', 'Healthcare Org 72', '156 Main St', 'San Diego', 'CA', '92101'),
('73', 'Healthcare Org 73', '215 Main St', 'Phoenix', 'AZ', '85001'),
('74', 'Healthcare Org 74', '994 Main St', 'Houston', 'TX', '77001'),
('75', 'Healthcare Org 75', '257 Main St', 'New York', 'NY', '10001'),
('76', 'Healthcare Org 76', '114 Main St', 'San Antonio', 'TX', '78201'),
('77', 'Healthcare Org 77', '859 Main St', 'Los Angeles', 'CA', '90001'),
('78', 'Healthcare Org 78', '430 Main St', 'Chicago', 'IL', '60601'),
('79', 'Healthcare Org 79', '521 Main St', 'San Diego', 'CA', '92101'),
('80', 'Healthcare Org 80', '240 Main St', 'San Diego', 'CA', '92101'),
('81', 'Healthcare Org 81', '833 Main St', 'Chicago', 'IL', '60601'),
('82', 'Healthcare Org 82', '908 Main St', 'Houston', 'TX', '77001'),
('83', 'Healthcare Org 83', '107 Main St', 'Phoenix', 'AZ', '85001'),
('84', 'Healthcare Org 84', '470 Main St', 'Houston', 'TX', '77001'),
('85', 'Healthcare Org 85', '777 Main St', 'Dallas', 'TX', '75201'),
('86', 'Healthcare Org 86', '321 Main St', 'New York', 'NY', '10001'),
('87', 'Healthcare Org 87', '178 Main St', 'Los Angeles', 'CA', '90001'),
('88', 'Healthcare Org 88', '318 Main St', 'Houston', 'TX', '77001'),
('89', 'Healthcare Org 89', '228 Main St', 'Chicago', 'IL', '60601'),
('90', 'Healthcare Org 90', '198 Main St', 'Dallas', 'TX', '75201'),
('91', 'Healthcare Org 91', '660 Main St', 'Dallas', 'TX', '75201'),
('92', 'Healthcare Org 92', '607 Main St', 'San Francisco', 'CA', '94101'),
('93', 'Healthcare Org 93', '311 Main St', 'San Antonio', 'TX', '78201'),
('94', 'Healthcare Org 94', '551 Main St', 'Los Angeles', 'CA', '90001'),
('95', 'Healthcare Org 95', '991 Main St', 'Houston', 'TX', '77001'),
('96', 'Healthcare Org 96', '580 Main St', 'Dallas', 'TX', '75201'),
('97', 'Healthcare Org 97', '869 Main St', 'San Diego', 'CA', '92101'),
('98', 'Healthcare Org 98', '693 Main St', 'Dallas', 'TX', '75201'),
('99', 'Healthcare Org 99', '250 Main St', 'Phoenix', 'AZ', '85001'),
('100', 'Healthcare Org 100', '111 Main St', 'Los Angeles', 'CA', '90001');

INSERT INTO HCP (HCP_ID, HCO_ID, FirstName, LastName, Email, Phone) VALUES
('1', '21', 'Mark', 'Lewis', 'mark.lewis1@hospital.com', '(105) 691-2763'),
('2', '71', 'Paul', 'Anderson', 'paul.anderson2@hospital.com', '(608) 516-3032'),
('3', '42', 'William', 'Rodriguez', 'william.rodriguez3@hospital.com', '(335) 873-3719'),
('4', '83', 'Joseph', 'Martinez', 'joseph.martinez4@hospital.com', '(801) 893-7674'),
('5', '51', 'Mark', 'Taylor', 'mark.taylor5@hospital.com', '(679) 208-5631'),
('6', '34', 'Daniel', 'Anderson', 'daniel.anderson6@hospital.com', '(957) 804-8353'),
('7', '40', 'Paul', 'Martinez', 'paul.martinez7@hospital.com', '(199) 711-5912'),
('8', '31', 'Mark', 'Lewis', 'mark.lewis8@hospital.com', '(603) 795-8191'),
('9', '11', 'Daniel', 'Johnson', 'daniel.johnson9@hospital.com', '(276) 641-5338'),
('10', '51', 'Michael', 'Martinez', 'michael.martinez10@hospital.com', '(170) 882-6410'),
('11', '17', 'John', 'Rodriguez', 'john.rodriguez11@hospital.com', '(834) 349-9810'),
('12', '28', 'James', 'Anderson', 'james.anderson12@hospital.com', '(581) 242-6762'),
('13', '40', 'Robert', 'Taylor', 'robert.taylor13@hospital.com', '(339) 601-2076'),
('14', '28', 'James', 'Martinez', 'james.martinez14@hospital.com', '(716) 197-5565'),
('15', '61', 'Daniel', 'Clark', 'daniel.clark15@hospital.com', '(558) 127-2018'),
('16', '46', 'James', 'Lewis', 'james.lewis16@hospital.com', '(168) 409-6722'),
('17', '65', 'Joseph', 'Taylor', 'joseph.taylor17@hospital.com', '(196) 224-5883'),
('18', '93', 'Paul', 'Johnson', 'paul.johnson18@hospital.com', '(561) 404-4558'),
('19', '56', 'David', 'Walker', 'david.walker19@hospital.com', '(447) 506-2297'),
('20', '75', 'John', 'Brown', 'john.brown20@hospital.com', '(742) 716-6689'),
('21', '44', 'David', 'Lewis', 'david.lewis21@hospital.com', '(610) 974-7574'),
('22', '83', 'Daniel', 'Martinez', 'daniel.martinez22@hospital.com', '(633) 986-7923'),
('23', '74', 'Joseph', 'Clark', 'joseph.clark23@hospital.com', '(802) 477-6811'),
('24', '69', 'Mark', 'Taylor', 'mark.taylor24@hospital.com', '(375) 636-5295'),
('25', '81', 'Robert', 'Taylor', 'robert.taylor25@hospital.com', '(586) 161-5710'),
('26', '52', 'James', 'Lewis', 'james.lewis26@hospital.com', '(674) 572-6821'),
('27', '60', 'Mark', 'Johnson', 'mark.johnson27@hospital.com', '(446) 772-2692'),
('28', '28', 'Daniel', 'Smith', 'daniel.smith28@hospital.com', '(368) 800-5960'),
('29', '70', 'Joseph', 'Johnson', 'joseph.johnson29@hospital.com', '(830) 667-9191'),
('30', '78', 'David', 'Smith', 'david.smith30@hospital.com', '(950) 870-9095'),
('31', '10', 'David', 'Lewis', 'david.lewis31@hospital.com', '(942) 970-9395'),
('32', '30', 'Daniel', 'Johnson', 'daniel.johnson32@hospital.com', '(606) 560-1788'),
('33', '12', 'James', 'Smith', 'james.smith33@hospital.com', '(277) 172-5472'),
('34', '86', 'Mark', 'Anderson', 'mark.anderson34@hospital.com', '(525) 930-7135'),
('35', '53', 'Joseph', 'Lewis', 'joseph.lewis35@hospital.com', '(289) 616-2764'),
('36', '60', 'Robert', 'Smith', 'robert.smith36@hospital.com', '(800) 822-7287'),
('37', '57', 'James', 'Smith', 'james.smith37@hospital.com', '(595) 638-6395'),
('38', '71', 'Robert', 'Lewis', 'robert.lewis38@hospital.com', '(513) 619-4891'),
('39', '95', 'Daniel', 'Johnson', 'daniel.johnson39@hospital.com', '(172) 243-2599'),
('40', '90', 'John', 'Anderson', 'john.anderson40@hospital.com', '(722) 432-3039'),
('41', '68', 'David', 'Brown', 'david.brown41@hospital.com', '(182) 152-8438'),
('42', '59', 'Paul', 'Taylor', 'paul.taylor42@hospital.com', '(939) 718-9550'),
('43', '99', 'David', 'Martinez', 'david.martinez43@hospital.com', '(178) 247-7463'),
('44', '13', 'Joseph', 'Martinez', 'joseph.martinez44@hospital.com', '(447) 182-3336'),
('45', '47', 'Daniel', 'Rodriguez', 'daniel.rodriguez45@hospital.com', '(827) 683-2683'),
('46', '5', 'David', 'Anderson', 'david.anderson46@hospital.com', '(350) 222-7261'),
('47', '3', 'William', 'Lewis', 'william.lewis47@hospital.com', '(280) 573-9437'),
('48', '83', 'Joseph', 'Rodriguez', 'joseph.rodriguez48@hospital.com', '(447) 426-4121'),
('49', '94', 'Paul', 'Clark', 'paul.clark49@hospital.com', '(320) 742-4975'),
('50', '3', 'Joseph', 'Taylor', 'joseph.taylor50@hospital.com', '(432) 146-9811'),
('51', '31', 'Robert', 'Martinez', 'robert.martinez51@hospital.com', '(860) 957-6467'),
('52', '48', 'Joseph', 'Smith', 'joseph.smith52@hospital.com', '(517) 856-4733'),
('53', '15', 'Daniel', 'Brown', 'daniel.brown53@hospital.com', '(926) 855-4618'),
('54', '8', 'Robert', 'Lewis', 'robert.lewis54@hospital.com', '(937) 541-3802'),
('55', '33', 'James', 'Johnson', 'james.johnson55@hospital.com', '(770) 304-3554'),
('56', '34', 'William', 'Martinez', 'william.martinez56@hospital.com', '(803) 894-5490'),
('57', '46', 'Mark', 'Johnson', 'mark.johnson57@hospital.com', '(759) 677-2760'),
('58', '93', 'David', 'Clark', 'david.clark58@hospital.com', '(717) 413-5427'),
('59', '94', 'Paul', 'Smith', 'paul.smith59@hospital.com', '(427) 888-3864'),
('60', '76', 'Mark', 'Brown', 'mark.brown60@hospital.com', '(319) 965-6494'),
('61', '18', 'Mark', 'Taylor', 'mark.taylor61@hospital.com', '(649) 598-7317'),
('62', '100', 'Daniel', 'Johnson', 'daniel.johnson62@hospital.com', '(537) 731-5052'),
('63', '67', 'Robert', 'Johnson', 'robert.johnson63@hospital.com', '(437) 358-9480'),
('64', '30', 'David', 'Brown', 'david.brown64@hospital.com', '(636) 716-2179'),
('65', '97', 'William', 'Martinez', 'william.martinez65@hospital.com', '(597) 242-9033'),
('66', '2', 'Paul', 'Smith', 'paul.smith66@hospital.com', '(621) 264-3245'),
('67', '82', 'Robert', 'Smith', 'robert.smith67@hospital.com', '(322) 556-2154'),
('68', '63', 'James', 'Martinez', 'james.martinez68@hospital.com', '(945) 811-5376'),
('69', '10', 'Daniel', 'Taylor', 'daniel.taylor69@hospital.com', '(503) 541-7770'),
('70', '90', 'David', 'Johnson', 'david.johnson70@hospital.com', '(807) 253-9565'),
('71', '30', 'Robert', 'Lewis', 'robert.lewis71@hospital.com', '(462) 132-5166'),
('72', '48', 'John', 'Brown', 'john.brown72@hospital.com', '(543) 959-2609'),
('73', '59', 'Robert', 'Smith', 'robert.smith73@hospital.com', '(781) 165-2529'),
('74', '57', 'James', 'Clark', 'james.clark74@hospital.com', '(728) 127-7646'),
('75', '72', 'David', 'Brown', 'david.brown75@hospital.com', '(506) 733-1195'),
('76', '62', 'William', 'Smith', 'william.smith76@hospital.com', '(175) 774-9144'),
('77', '47', 'Daniel', 'Brown', 'daniel.brown77@hospital.com', '(770) 328-9130'),
('78', '31', 'Joseph', 'Rodriguez', 'joseph.rodriguez78@hospital.com', '(833) 967-8783'),
('79', '70', 'Joseph', 'Lewis', 'joseph.lewis79@hospital.com', '(566) 414-7544'),
('80', '70', 'William', 'Rodriguez', 'william.rodriguez80@hospital.com', '(903) 228-4426'),
('81', '73', 'Mark', 'Brown', 'mark.brown81@hospital.com', '(922) 904-8528'),
('82', '25', 'John', 'Anderson', 'john.anderson82@hospital.com', '(855) 830-5558'),
('83', '38', 'Robert', 'Taylor', 'robert.taylor83@hospital.com', '(394) 672-7920'),
('84', '24', 'William', 'Walker', 'william.walker84@hospital.com', '(395) 685-9223'),
('85', '62', 'John', 'Walker', 'john.walker85@hospital.com', '(558) 657-9620'),
('86', '29', 'Daniel', 'Anderson', 'daniel.anderson86@hospital.com', '(710) 151-9353'),
('87', '9', 'Robert', 'Walker', 'robert.walker87@hospital.com', '(140) 624-7146'),
('88', '87', 'John', 'Smith', 'john.smith88@hospital.com', '(920) 184-2774'),
('89', '33', 'Paul', 'Martinez', 'paul.martinez89@hospital.com', '(896) 972-4234'),
('90', '15', 'Daniel', 'Clark', 'daniel.clark90@hospital.com', '(111) 240-6516'),
('91', '41', 'Robert', 'Rodriguez', 'robert.rodriguez91@hospital.com', '(840) 698-7243'),
('92', '26', 'Robert', 'Martinez', 'robert.martinez92@hospital.com', '(259) 766-2879'),
('93', '78', 'Daniel', 'Clark', 'daniel.clark93@hospital.com', '(242) 177-6524'),
('94', '9', 'Robert', 'Taylor', 'robert.taylor94@hospital.com', '(415) 974-1046'),
('95', '2', 'Paul', 'Anderson', 'paul.anderson95@hospital.com', '(673) 575-3330'),
('96', '23', 'John', 'Johnson', 'john.johnson96@hospital.com', '(898) 797-9263'),
('97', '97', 'James', 'Walker', 'james.walker97@hospital.com', '(421) 816-7815'),
('98', '37', 'Joseph', 'Clark', 'joseph.clark98@hospital.com', '(966) 198-4899'),
('99', '60', 'William', 'Smith', 'william.smith99@hospital.com', '(102) 763-2270'),
('100',' 15', 'Michael', 'Smith', 'michael.smith100@hospital.com', '(131) 235-2581')

INSERT INTO HCP_Address (HCP_ID, HCO_ID, Address, City, State, ZipCode) VALUES
('1', '21', '902 Elm St', 'San Antonio', 'TX', '78201'),
('2', '71', '443 Elm St', 'Phoenix', 'AZ', '85001'),
('3', '42', '423 Elm St', 'San Antonio', 'TX', '78201'),
('4', '83', '625 Elm St', 'Los Angeles', 'CA', '90001'),
('5', '51', '304 Elm St', 'Dallas', 'TX', '75201'),
('6', '34', '987 Elm St', 'Chicago', 'IL', '60601'),
('7', '40', '515 Elm St', 'Phoenix', 'AZ', '85001'),
('8', '31', '371 Elm St', 'Chicago', 'IL', '60601'),
('9', '11', '813 Elm St', 'Boston', 'MA', '02101'),
('10', '51', '520 Elm St', 'Los Angeles', 'CA', '90001'),
('11', '17', '327 Elm St', 'San Antonio', 'TX', '78201'),
('12', '28', '343 Elm St', 'San Diego', 'CA', '92101'),
('13', '40', '435 Elm St', 'Boston', 'MA', '02101'),
('14', '28', '251 Elm St', 'Chicago', 'IL', '60601'),
('15', '61', '334 Elm St', 'Dallas', 'TX', '75201'),
('16', '46', '719 Elm St', 'Houston', 'TX', '77001'),
('17', '65', '653 Elm St', 'New York', 'NY', '10001'),
('18', '93', '946 Elm St', 'Dallas', 'TX', '75201'),
('19', '56', '294 Elm St', 'Phoenix', 'AZ', '85001'),
('20', '75', '782 Elm St', 'San Antonio', 'TX', '78201'),
('21', '44', '938 Elm St', 'New York', 'NY', '10001'),
('22', '83', '544 Elm St', 'Phoenix', 'AZ', '85001'),
('23', '74', '700 Elm St', 'Los Angeles', 'CA', '90001'),
('24', '69', '723 Elm St', 'San Francisco', 'CA', '94101'),
('25', '81', '200 Elm St', 'San Antonio', 'TX', '78201'),
('26', '52', '771 Elm St', 'Boston', 'MA', '02101'),
('27', '60', '499 Elm St', 'San Francisco', 'CA', '94101'),
('28', '28', '880 Elm St', 'Dallas', 'TX', '75201'),
('29', '70', '985 Elm St', 'New York', 'NY', '10001'),
('30', '78', '387 Elm St', 'San Diego', 'CA', '92101'),
('31', '10', '704 Elm St', 'New York', 'NY', '10001'),
('32', '30', '905 Elm St', 'New York', 'NY', '10001'),
('33', '12', '735 Elm St', 'San Francisco', 'CA', '94101'),
('34', '86', '678 Elm St', 'San Antonio', 'TX', '78201'),
('35', '53', '949 Elm St', 'Chicago', 'IL', '60601'),
('36', '60', '688 Elm St', 'Boston', 'MA', '02101'),
('37', '57', '375 Elm St', 'San Francisco', 'CA', '94101'),
('38', '71', '973 Elm St', 'Dallas', 'TX', '75201'),
('39', '95', '861 Elm St', 'Phoenix', 'AZ', '85001'),
('40', '90', '454 Elm St', 'New York', 'NY', '10001'),
('41', '68', '276 Elm St', 'Boston', 'MA', '02101'),
('42', '59', '719 Elm St', 'New York', 'NY', '10001'),
('43', '99', '342 Elm St', 'San Diego', 'CA', '92101'),
('44', '13', '665 Elm St', 'New York', 'NY', '10001'),
('45', '47', '680 Elm St', 'Dallas', 'TX', '75201'),
('46', '5', '262 Elm St', 'San Diego', 'CA', '92101'),
('47', '3', '385 Elm St', 'Los Angeles', 'CA', '90001'),
('48', '83', '711 Elm St', 'Los Angeles', 'CA', '90001'),
('49', '94', '335 Elm St', 'New York', 'NY', '10001'),
('50', '3', '526 Elm St', 'San Antonio', 'TX', '78201'),
('51', '31', '374 Elm St', 'San Antonio', 'TX', '78201'),
('52', '48', '521 Elm St', 'Dallas', 'TX', '75201'),
('53', '15', '264 Elm St', 'Chicago', 'IL', '60601'),
('54', '8', '910 Elm St', 'Boston', 'MA', '02101'),
('55', '33', '972 Elm St', 'New York', 'NY', '10001'),
('56', '34', '524 Elm St', 'San Francisco', 'CA', '94101'),
('57', '46', '861 Elm St', 'Boston', 'MA', '02101'),
('58', '93', '918 Elm St', 'Chicago', 'IL', '60601'),
('59', '94', '214 Elm St', 'Boston', 'MA', '02101'),
('60', '76', '344 Elm St', 'Los Angeles', 'CA', '90001'),
('61', '18', '784 Elm St', 'San Diego', 'CA', '92101'),
('62', '100', '583 Elm St', 'Houston', 'TX', '77001'),
('63', '67', '202 Elm St', 'San Francisco', 'CA', '94101'),
('64', '30', '703 Elm St', 'Chicago', 'IL', '60601'),
('65', '97', '268 Elm St', 'San Antonio', 'TX', '78201'),
('66', '2', '324 Elm St', 'San Francisco', 'CA', '94101'),
('67', '82', '730 Elm St', 'San Diego', 'CA', '92101'),
('68', '63', '749 Elm St', 'Phoenix', 'AZ', '85001'),
('69', '10', '734 Elm St', 'San Antonio', 'TX', '78201'),
('70', '90', '434 Elm St', 'San Antonio', 'TX', '78201'),
('71', '30', '882 Elm St', 'San Antonio', 'TX', '78201'),
('72', '48', '450 Elm St', 'San Antonio', 'TX', '78201'),
('73', '59', '663 Elm St', 'Chicago', 'IL', '60601'),
('74', '57', '736 Elm St', 'Boston', 'MA', '02101'),
('75', '72', '775 Elm St', 'Los Angeles', 'CA', '90001'),
('76', '62', '412 Elm St', 'San Antonio', 'TX', '78201'),
('77', '47', '313 Elm St', 'Chicago', 'IL', '60601'),
('78', '31', '434 Elm St', 'Phoenix', 'AZ', '85001'),
('79', '70', '908 Elm St', 'Dallas', 'TX', '75201'),
('80', '70', '384 Elm St', 'Los Angeles', 'CA', '90001'),
('81', '73', '343 Elm St', 'Los Angeles', 'CA', '90001'),
('82', '25', '800 Elm St', 'Dallas', 'TX', '75201'),
('83', '38', '686 Elm St', 'Dallas', 'TX', '75201'),
('84', '24', '250 Elm St', 'Phoenix', 'AZ', '85001'),
('85', '62', '568 Elm St', 'San Antonio', 'TX', '78201'),
('86', '29', '237 Elm St', 'San Francisco', 'CA', '94101'),
('87', '9', '867 Elm St', 'Los Angeles', 'CA', '90001'),
('88', '87', '988 Elm St', 'Chicago', 'IL', '60601'),
('89', '33', '228 Elm St', 'Phoenix', 'AZ', '85001'),
('90', '15', '851 Elm St', 'San Antonio', 'TX', '78201'),
('91', '41', '959 Elm St', 'Chicago', 'IL', '60601'),
('92', '26', '547 Elm St', 'San Diego', 'CA', '92101'),
('93', '78', '413 Elm St', 'Phoenix', 'AZ', '85001'),
('94', '9', '347 Elm St', 'San Antonio', 'TX', '78201'),
('95', '2', '934 Elm St', 'Dallas', 'TX', '75201'),
('96', '23', '590 Elm St', 'Phoenix', 'AZ', '85001'),
('97', '97', '480 Elm St', 'Phoenix', 'AZ', '85001'),
('98', '37', '412 Elm St', 'San Antonio', 'TX', '78201'),
('99', '60', '816 Elm St', 'San Antonio', 'TX', '78201'),
('100', '15', '971 Elm St', 'Chicago', 'IL', '60601');

INSERT INTO HCP_Specialty (HCP_ID, Specialty, SubSpecialty) VALUES
('1', 'Orthopedics', 'Research'),
('2', 'Urology', 'Research'),
('3', 'Oncology', 'Surgical'),
('4', 'Orthopedics', 'Interventional'),
('5', 'Radiology', 'Research'),
('6', 'Urology', 'Pediatric'),
('7', 'Oncology', 'Diagnostic'),
('8', 'Neurology', 'Pediatric'),
('9', 'Pediatrics', 'Clinical'),
('10', 'Urology', 'Surgical'),
('11', 'Radiology', 'Clinical'),
('12', 'Cardiology', 'Preventive'),
('13', 'Cardiology', 'Pediatric'),
('14', 'Urology', 'Diagnostic'),
('15', 'Oncology', 'Diagnostic'),
('16', 'Endocrinology', 'Diagnostic'),
('17', 'Oncology', 'Acute Care'),
('18', 'Cardiology', 'Acute Care'),
('19', 'Psychiatry', 'Pediatric'),
('20', 'Psychiatry', 'Acute Care'),
('21', 'Cardiology', 'Surgical'),
('22', 'Orthopedics', 'Research'),
('23', 'Oncology', 'Geriatric'),
('24', 'Endocrinology', 'Rehabilitative'),
('25', 'Pediatrics', 'Acute Care'),
('26', 'Pediatrics', 'Diagnostic'),
('27', 'Psychiatry', 'Acute Care'),
('28', 'Dermatology', 'Clinical'),
('29', 'Urology', 'Acute Care'),
('30', 'Endocrinology', 'Clinical'),
('31', 'Radiology', 'Geriatric'),
('32', 'Neurology', 'Interventional'),
('33', 'Oncology', 'Geriatric'),
('34', 'Radiology', 'Preventive'),
('35', 'Orthopedics', 'Interventional'),
('36', 'Oncology', 'Rehabilitative'),
('37', 'Pediatrics', 'Clinical'),
('38', 'Psychiatry', 'Pediatric'),
('39', 'Neurology', 'Research'),
('40', 'Pediatrics', 'Preventive'),
('41', 'Radiology', 'Diagnostic'),
('42', 'Urology', 'Acute Care'),
('43', 'Urology', 'Clinical'),
('44', 'Radiology', 'Surgical'),
('45', 'Endocrinology', 'Interventional'),
('46', 'Endocrinology', 'Preventive'),
('47', 'Pediatrics', 'Preventive'),
('48', 'Cardiology', 'Surgical'),
('49', 'Radiology', 'Interventional'),
('50', 'Endocrinology', 'Diagnostic'),
('51', 'Pediatrics', 'Surgical'),
('52', 'Radiology', 'Pediatric'),
('53', 'Cardiology', 'Interventional'),
('54', 'Dermatology', 'Surgical'),
('55', 'Psychiatry', 'Research'),
('56', 'Psychiatry', 'Rehabilitative'),
('57', 'Endocrinology', 'Rehabilitative'),
('58', 'Dermatology', 'Rehabilitative'),
('59', 'Endocrinology', 'Pediatric'),
('60', 'Endocrinology', 'Acute Care'),
('61', 'Oncology', 'Geriatric'),
('62', 'Psychiatry', 'Clinical'),
('63', 'Radiology', 'Geriatric'),
('64', 'Dermatology', 'Surgical'),
('65', 'Oncology', 'Diagnostic'),
('66', 'Radiology', 'Acute Care'),
('67', 'Endocrinology', 'Research'),
('68', 'Neurology', 'Pediatric'),
('69', 'Endocrinology', 'Geriatric'),
('70', 'Psychiatry', 'Interventional'),
('71', 'Radiology', 'Research'),
('72', 'Urology', 'Diagnostic'),
('73', 'Oncology', 'Clinical'),
('74', 'Dermatology', 'Rehabilitative'),
('75', 'Endocrinology', 'Acute Care'),
('76', 'Endocrinology', 'Diagnostic'),
('77', 'Urology', 'Geriatric'),
('78', 'Urology', 'Diagnostic'),
('79', 'Cardiology', 'Geriatric'),
('80', 'Dermatology', 'Preventive'),
('81', 'Dermatology', 'Clinical'),
('82', 'Oncology', 'Interventional'),
('83', 'Dermatology', 'Clinical'),
('84', 'Radiology', 'Clinical'),
('85', 'Radiology', 'Interventional'),
('86', 'Endocrinology', 'Research'),
('87', 'Dermatology', 'Preventive'),
('88', 'Psychiatry', 'Clinical'),
('89', 'Pediatrics', 'Preventive'),
('90', 'Psychiatry', 'Surgical'),
('91', 'Oncology', 'Pediatric'),
('92', 'Orthopedics', 'Interventional'),
('93', 'Urology', 'Geriatric'),
('94', 'Dermatology', 'Research'),
('95', 'Neurology', 'Preventive'),
('96', 'Radiology', 'Pediatric'),
('97', 'Urology', 'Clinical'),
('98', 'Endocrinology', 'Preventive'),
('99', 'Pediatrics', 'Diagnostic'),
('100', 'Cardiology', 'Geriatric');